{"cameraMode":{"drawMode":0,"name":"Shaded","section":"Shading Mode"},"sceneLighting":false,"audioPlay":false,"sceneViewState":{"showFog":false,"showMaterialUpdate":false,"showSkybox":false,"showFlares":false,"showImageEffects":true,"showParticleSystems":true},"in2DMode":false,"pivot":{"x":8.119802474975586,"y":1.0849462747573853,"z":2.6313979625701906},"rotation":{"x":-0.06235632672905922,"y":-0.007485459093004465,"z":0.00046754564391449094,"w":-0.9980257749557495},"size":2.6545703411102297,"orthographic":false}