{"cameraMode":{"drawMode":0,"name":"Shaded","section":"Shading Mode"},"sceneLighting":true,"audioPlay":false,"sceneViewState":{"showFog":false,"showMaterialUpdate":false,"showSkybox":false,"showFlares":false,"showImageEffects":true,"showParticleSystems":true},"in2DMode":false,"pivot":{"x":4.514709949493408,"y":-0.3407168388366699,"z":2.4954395294189455},"rotation":{"x":0.19250540435314179,"y":0.47942307591438296,"z":-0.10866949707269669,"w":0.8492856621742249},"size":11.645186424255371,"orthographic":false}